{
    "control": [
        { "VTOY_DEFAULT_MENU_MODE": "1" },
        { "VTOY_FILT_DOT_UNDERSCORE_FILE": "1" },
		{ "VTOY_TREE_VIEW_MENU_STYLE": "1" }
    ],
    
    "theme": {
        "file": "/ventoy/theme/theme.txt",        
        "display_mode": "GUI",
        "ventoy_left": "5%",
        "ventoy_top": "95%",
        "ventoy_color": "#0000ff"
    },
    
    
    "menu_class": [        
        {
            "key": "ubuntu",
            "class": "ubuntu"
        },        
        {
            "key": "linuxmint",
            "class": "linuxmint"
        },
        {
            "dir": "/Acronis Utilities",
            "class": "folder"
        },
        {
            "dir": "/Hardware Testers",
            "class": "folder"
        },
        {
            "dir": "/Install Linux",
            "class": "folder"
        },
        {
            "dir": "/Install Windows",
            "class": "folder"
        },
        {
            "dir": "/Live OS",
            "class": "folder"
        },
        {
            "dir": "/Untested Tools",
            "class": "folder"
        },
        {
            "key": "windows",
            "class": "windows"
        },
        {
            "key": "acronis",
            "class": "acronis"
        },
        {
            "key": "o_o",
            "class": "o_o"
        },
        {
            "key": "memtest86",
            "class": "memtest86"
        }
    ],
    
    "menu_alias": [
        {
            "image": "/Acronis Utilities/acronis-cyber_backup_v12.5.iso",
            "alias": "Acronis Cyber Backup v12.5"
        },
        {
            "image": "/Acronis Utilities/acronis-ti_dd_ur.iso",
            "alias": "Acronis TI 2020/DD 12/UR 11.7"
        },
        {
            "image": "/Hardware Testers/memtest86-usb.img",
            "alias": "Memtest86 9.0"
        },
        {
            "image": "/Install Linux/linuxmint-20.2-xfce-64bit.iso",
            "alias": "Linux Mint 20.2 XFCE"
        },
        {
            "image": "/Install Windows/",
            "alias": "Windows 10 LTSC 2021 x64"
        },
        {
            "image": "/Live OS/windows_DaRT10_x64.iso",
            "alias": "DaRT Windows 10 x64"
        },
        {
            "image": "/Live OS/windows_Win10XPE_x64.ISO",
            "alias": "Windows 10XPE Lite x64"
        },
        {
            "image": "/Live OS/o_o_BlueCon_v18.0.8088.wim",
            "alias": "O&O BlueCon v18.0"
        }
    ],
    
    "auto_install": [
        {
            "image": "/ISO/cn_windows_10.iso",
            "template": "/ventoy/script/windows_unattended.cfg"
        },
        {
            "image": "/ISO/cn_windows_server_2012_r2_vl_x64_dvd_2979220.iso",
            "template": [
                "/ventoy/script/windows_unattended1.xml",
                "/ventoy/script/windows_unattended2.xml",
                "/ventoy/script/windows_unattended3.xml",
                "/ventoy/script/windows_unattended4.xml",
                "/ventoy/script/windows_unattended5.xml",
                "/ventoy/script/windows_unattended6.xml"
            ]
        }
    ],
	
    "auto_memdisk": [
        "/Hardware Testers/Memtest86-4.3.7.iso",
        "/ISO/ESXi.iso",
        "/ISO/Win10PE.iso"
    ]
    
}
